{"title":"文本 Diff 工具页面","features":["左右双栏文本输入与行数统计","逐行文本 Diff 与增删改高亮展示","行内字符级差异高亮与同步滚动","一键交换左右文本、一键清空、一键复制结果","仅差异/全部行视图切换与本地浏览器内完成处理","亮色与暗色模式下高可读性的差异配色"],"tech":{"Web":{"arch":"react","component":"shadcn"},"iOS":null,"Android":null},"design":"采用 Glassmorphism Tech Blue + Minimalism 风格，页面为左右两栏布局，上方集中放置对比、交换、清空、复制等操作按钮，下方是带行号的文本输入及 Diff 展示区。新增、删除、修改分别使用不同背景色和边框标识，行内差异以浅底与下划线强调。顶部和底部导航与现有工具保持一致，支持同步滚动、高亮对应行，并在亮/暗色模式下自动调整配色以保持对比度和阅读舒适度。","plan":{"实现“文本 Diff 工具”页面整体布局，包括顶部导航、控制面板、左右文本输入区域和底部说明区。":"holding","为左右文本输入添加状态管理与基础功能：编辑、行数统计、一键清空、填充示例及交换左右内容。":"holding","集成文本 Diff 逻辑，完成逐行对比并生成增删改状态数据结构，支持仅差异/全部行两种视图。":"holding","实现 Diff 结果的行级高亮展示，包括行号栏、差异类型背景色和对应图例提示。":"holding","在结果区域添加行内字符级差异高亮渲染，并实现左右结果区域同步滚动与行联动高亮。":"holding","实现一键复制对比结果功能，并加入复制成功/失败的轻量提示反馈。":"holding","适配亮色/暗色模式下的配色与对比度，优化小屏（移动端）布局，并将页面接入全局路由与工具导航。":"holding"}}